2323131,yuyuanc1,Yuyuan,Chen,Female,china,MISM,0
2357154,yunyiz,Yunyi,Zhang,Female,china,MISM,0
2323129,yic3,Yi,Chen,Female,china,MISM,0
2319128,hangz1,Hang,ZhaO,Female,china,MSIT,0
2222222,murli22,Murlikrishna,Viswanathan,Male,australia,professor,1
3333333,riaz333,Riaz,Esmailzadeh,Male,australia,professor,1
-100,stanger,null,null,Unknown,null,null,0